14
Alice Smith,0987654321,alice@example.com
Bob Johnson,1112223333,bob@company.com
Carol White,4445556666,carol@company.com
David Brown,7778889999,david@example.com
Eve Davis,6665554444,eve@example.com
Frank Miller,3334445555,frank@example.com
Ghanesha,7775551110,gani@gmail.com
Grace Wilson,2223334444,grace@example.com
Hannah Clark,5556667777,hannah@example.com
Ian Lewis,8889990000,ian@example.com
John Doe,1234567088,john@example.com
Sahana V,7899008717,sahana123@gmail.com
saraswathi,5678123004,sonu@ghs@gmail.com
Sonu,8296395383,4gh14ec046@gmail.com
